<?xml version="1.0" encoding="utf-8"?>
<feed xmlns="http://www.w3.org/2005/Atom">
  <title>逆舟的个人小站</title>
  
  <subtitle>逆舟</subtitle>
  <link href="https://wudiguang.top/atom.xml" rel="self"/>
  
  <link href="https://wudiguang.top/"/>
  <updated>2023-02-23T05:25:02.608Z</updated>
  <id>https://wudiguang.top/</id>
  
  <author>
    <name>逆舟</name>
    
  </author>
  
  <generator uri="https://hexo.io/">Hexo</generator>
  
  <entry>
    <title>认真读书，好好提升自己</title>
    <link href="https://wudiguang.top/2023/02/23/book_list/"/>
    <id>https://wudiguang.top/2023/02/23/book_list/</id>
    <published>2023-02-23T04:23:00.000Z</published>
    <updated>2023-02-23T05:25:02.608Z</updated>
    
    
    <summary type="html">认真读书，好好提升自己</summary>
    
    
    
    <category term="阅读" scheme="https://wudiguang.top/categories/%E9%98%85%E8%AF%BB/"/>
    
    <category term="书籍" scheme="https://wudiguang.top/categories/%E9%98%85%E8%AF%BB/%E4%B9%A6%E7%B1%8D/"/>
    
    
    <category term="阅读" scheme="https://wudiguang.top/tags/%E9%98%85%E8%AF%BB/"/>
    
    <category term="推荐" scheme="https://wudiguang.top/tags/%E6%8E%A8%E8%8D%90/"/>
    
  </entry>
  
  <entry>
    <title>读书笔记《如何阅读一本书》</title>
    <link href="https://wudiguang.top/2023/02/22/how_to_read_a_book/"/>
    <id>https://wudiguang.top/2023/02/22/how_to_read_a_book/</id>
    <published>2023-02-22T14:53:00.000Z</published>
    <updated>2023-02-22T15:34:57.432Z</updated>
    
    
    <summary type="html">阅读</summary>
    
    
    
    <category term="读书" scheme="https://wudiguang.top/categories/%E8%AF%BB%E4%B9%A6/"/>
    
    
    <category term="笔记" scheme="https://wudiguang.top/tags/%E7%AC%94%E8%AE%B0/"/>
    
    <category term="读书" scheme="https://wudiguang.top/tags/%E8%AF%BB%E4%B9%A6/"/>
    
  </entry>
  
  <entry>
    <title>Mac上使用RSS</title>
    <link href="https://wudiguang.top/2023/02/22/macbook_rss/"/>
    <id>https://wudiguang.top/2023/02/22/macbook_rss/</id>
    <published>2023-02-22T12:23:00.000Z</published>
    <updated>2023-02-23T04:22:52.431Z</updated>
    
    
    <summary type="html">Mac上配置RSS阅读器，并订阅感兴趣的RSS源</summary>
    
    
    
    <category term="rss" scheme="https://wudiguang.top/categories/rss/"/>
    
    <category term="工具" scheme="https://wudiguang.top/categories/rss/%E5%B7%A5%E5%85%B7/"/>
    
    
    <category term="rss" scheme="https://wudiguang.top/tags/rss/"/>
    
    <category term="订阅资讯" scheme="https://wudiguang.top/tags/%E8%AE%A2%E9%98%85%E8%B5%84%E8%AE%AF/"/>
    
  </entry>
  
  <entry>
    <title>【读书笔记】福格行为模型</title>
    <link href="https://wudiguang.top/2023/02/21/fogg_behaviour_model/"/>
    <id>https://wudiguang.top/2023/02/21/fogg_behaviour_model/</id>
    <published>2023-02-21T09:23:00.000Z</published>
    <updated>2023-02-22T13:07:37.711Z</updated>
    
    
    <summary type="html">福格行为模型以BJ Fogg命名，表明一个得以发生，行为者需要有进行此行为 的动机和操作此行为的能力，因而才能够在被触发时施行既定行为。即要实现某一行为，需要有行为的动机、完成该行为的能力、刺激该行为的触发器三个要素，三个要素同时具备，行为者才能跨越行动线，行为处于“触发成功”区域，才能够实现用户完成某一行为。</summary>
    
    
    
    <category term="阅读" scheme="https://wudiguang.top/categories/%E9%98%85%E8%AF%BB/"/>
    
    <category term="经典书籍" scheme="https://wudiguang.top/categories/%E9%98%85%E8%AF%BB/%E7%BB%8F%E5%85%B8%E4%B9%A6%E7%B1%8D/"/>
    
    
    <category term="笔记" scheme="https://wudiguang.top/tags/%E7%AC%94%E8%AE%B0/"/>
    
    <category term="经典" scheme="https://wudiguang.top/tags/%E7%BB%8F%E5%85%B8/"/>
    
    <category term="读书" scheme="https://wudiguang.top/tags/%E8%AF%BB%E4%B9%A6/"/>
    
  </entry>
  
  <entry>
    <title>南昌南崇湖畔和光</title>
    <link href="https://wudiguang.top/2023/02/21/house/"/>
    <id>https://wudiguang.top/2023/02/21/house/</id>
    <published>2023-02-21T07:23:00.000Z</published>
    <updated>2023-02-22T13:18:31.953Z</updated>
    
    
    <summary type="html">南崇、新房装修、南昌房产资讯</summary>
    
    
    
    <category term="小区" scheme="https://wudiguang.top/categories/%E5%B0%8F%E5%8C%BA/"/>
    
    <category term="楼盘" scheme="https://wudiguang.top/categories/%E5%B0%8F%E5%8C%BA/%E6%A5%BC%E7%9B%98/"/>
    
    <category term="南崇" scheme="https://wudiguang.top/categories/%E5%B0%8F%E5%8C%BA/%E6%A5%BC%E7%9B%98/%E5%8D%97%E5%B4%87/"/>
    
    
    <category term="小区" scheme="https://wudiguang.top/tags/%E5%B0%8F%E5%8C%BA/"/>
    
    <category term="南崇" scheme="https://wudiguang.top/tags/%E5%8D%97%E5%B4%87/"/>
    
  </entry>
  
  <entry>
    <title>《阮一峰周刊阅读笔记》中国的增长动力在内陆</title>
    <link href="https://wudiguang.top/2023/02/15/ruanyifeng/week-241/"/>
    <id>https://wudiguang.top/2023/02/15/ruanyifeng/week-241/</id>
    <published>2023-02-15T04:54:00.000Z</published>
    <updated>2023-02-23T04:22:41.775Z</updated>
    
    
    <summary type="html">阮一峰第241周周刊《中国的增长动力在内陆》阅读笔记</summary>
    
    
    
    <category term="学习" scheme="https://wudiguang.top/categories/%E5%AD%A6%E4%B9%A0/"/>
    
    
    <category term="笔记" scheme="https://wudiguang.top/tags/%E7%AC%94%E8%AE%B0/"/>
    
    <category term="阮一峰" scheme="https://wudiguang.top/tags/%E9%98%AE%E4%B8%80%E5%B3%B0/"/>
    
  </entry>
  
  <entry>
    <title>新房装修、设计</title>
    <link href="https://wudiguang.top/2023/02/12/decoration/"/>
    <id>https://wudiguang.top/2023/02/12/decoration/</id>
    <published>2023-02-12T09:23:00.000Z</published>
    <updated>2023-02-22T13:08:28.641Z</updated>
    
    
    <summary type="html">新房装修注意事项，家电购买指南，新房设计</summary>
    
    
    
    <category term="装修" scheme="https://wudiguang.top/categories/%E8%A3%85%E4%BF%AE/"/>
    
    <category term="新房" scheme="https://wudiguang.top/categories/%E8%A3%85%E4%BF%AE/%E6%96%B0%E6%88%BF/"/>
    
    
    <category term="新房" scheme="https://wudiguang.top/tags/%E6%96%B0%E6%88%BF/"/>
    
    <category term="装修" scheme="https://wudiguang.top/tags/%E8%A3%85%E4%BF%AE/"/>
    
    <category term="新家" scheme="https://wudiguang.top/tags/%E6%96%B0%E5%AE%B6/"/>
    
  </entry>
  
  <entry>
    <title>教育相关记录(教资考试)</title>
    <link href="https://wudiguang.top/2023/02/12/education/"/>
    <id>https://wudiguang.top/2023/02/12/education/</id>
    <published>2023-02-12T09:23:00.000Z</published>
    <updated>2023-02-22T13:08:03.410Z</updated>
    
    
    <summary type="html">教育相关的记录，中学教师资格证考试，科目一、科目二</summary>
    
    
    
    <category term="教育" scheme="https://wudiguang.top/categories/%E6%95%99%E8%82%B2/"/>
    
    <category term="考试" scheme="https://wudiguang.top/categories/%E6%95%99%E8%82%B2/%E8%80%83%E8%AF%95/"/>
    
    
    <category term="教资" scheme="https://wudiguang.top/tags/%E6%95%99%E8%B5%84/"/>
    
    <category term="教育" scheme="https://wudiguang.top/tags/%E6%95%99%E8%82%B2/"/>
    
    <category term="考试" scheme="https://wudiguang.top/tags/%E8%80%83%E8%AF%95/"/>
    
  </entry>
  
  <entry>
    <title>【生活类】2023年羊毛记录</title>
    <link href="https://wudiguang.top/2023/02/09/wool2023/"/>
    <id>https://wudiguang.top/2023/02/09/wool2023/</id>
    <published>2023-02-09T09:23:00.000Z</published>
    <updated>2023-02-22T13:11:35.436Z</updated>
    
    
    <summary type="html">2023年白嫖羊毛活动记录</summary>
    
    
    
    <category term="生活" scheme="https://wudiguang.top/categories/%E7%94%9F%E6%B4%BB/"/>
    
    <category term="日常" scheme="https://wudiguang.top/categories/%E7%94%9F%E6%B4%BB/%E6%97%A5%E5%B8%B8/"/>
    
    <category term="羊毛" scheme="https://wudiguang.top/categories/%E7%94%9F%E6%B4%BB/%E6%97%A5%E5%B8%B8/%E7%BE%8A%E6%AF%9B/"/>
    
    
    <category term="羊毛" scheme="https://wudiguang.top/tags/%E7%BE%8A%E6%AF%9B/"/>
    
    <category term="活动" scheme="https://wudiguang.top/tags/%E6%B4%BB%E5%8A%A8/"/>
    
    <category term="生活" scheme="https://wudiguang.top/tags/%E7%94%9F%E6%B4%BB/"/>
    
    <category term="2023" scheme="https://wudiguang.top/tags/2023/"/>
    
  </entry>
  
  <entry>
    <title>【生活类】2022年羊毛记录</title>
    <link href="https://wudiguang.top/2022/12/31/wool2022/"/>
    <id>https://wudiguang.top/2022/12/31/wool2022/</id>
    <published>2022-12-31T09:23:00.000Z</published>
    <updated>2023-02-22T13:11:33.446Z</updated>
    
    
    <summary type="html">2022年白嫖羊毛活动记录</summary>
    
    
    
    <category term="生活" scheme="https://wudiguang.top/categories/%E7%94%9F%E6%B4%BB/"/>
    
    <category term="日常" scheme="https://wudiguang.top/categories/%E7%94%9F%E6%B4%BB/%E6%97%A5%E5%B8%B8/"/>
    
    <category term="羊毛" scheme="https://wudiguang.top/categories/%E7%94%9F%E6%B4%BB/%E6%97%A5%E5%B8%B8/%E7%BE%8A%E6%AF%9B/"/>
    
    
    <category term="2022" scheme="https://wudiguang.top/tags/2022/"/>
    
    <category term="羊毛" scheme="https://wudiguang.top/tags/%E7%BE%8A%E6%AF%9B/"/>
    
    <category term="活动" scheme="https://wudiguang.top/tags/%E6%B4%BB%E5%8A%A8/"/>
    
    <category term="生活" scheme="https://wudiguang.top/tags/%E7%94%9F%E6%B4%BB/"/>
    
  </entry>
  
</feed>
